0,1,2,3,4,5,6,7,8,9,10,11,12,13,14,15,16,17,18,19,20,21,22,23,24
-0.769886437494642,1.142071252271411,-0.37191350605366735,-1.0570144194989197,-1.1809459719547641,0.01687281211994296,-0.46052256482735227,1.0308779280449014,2.029610580995402,0.02954471594115099,-0.6901521298186686,-0.31679194932157884,1.02611448532252,0.7607131396442365,-0.9267059865790581,0.32211122271076553,-1.430913346598477,-0.4315694293542629,-0.07003895003087882,0.48177233750539916,-0.8602868155496539,-0.7230408296470601,-1.3405993073968068,-0.12470602441333659,-0.3094611231367449
-1.1311181721685344,0.8671952210884102,0.00594349768870181,1.17901454355613,1.6918261402041295,0.6407347864423789,0.4965571781007267,0.7262889419439177,-0.8001324161104897,0.9058849867275042,1.0221989426172762,0.7995716823562112,-0.0036114178636725393,0.7114796884990943,-1.4422642660210376,-0.43476667958730886,-0.9812550097816447,-0.39914767381955596,-1.7803495345532458,-0.8688189659432414,1.4903772375217719,1.164701708823371,1.229194180350936,-1.0735641995670828,0.5289585647732253
-1.0788124566711845,-0.8854008907562242,-1.4216124339590945,0.3669504425161741,0.24277093602508631,0.40099611414346037,0.4026569350414813,-0.34464477958633816,-1.298127805491893,-0.85083581180465,0.22224664764180413,-0.8684760521262749,0.13946888836775778,-0.9520575907298129,0.2728312792492113,-0.09471136537651931,-1.1648708707665958,-0.6596455747509588,-1.4578828312432606,-0.04534791915014391,-1.8513262863587767,0.5118015051448763,1.0248586877073893,-1.0165026804784008,0.8457666252197051
-0.16113895495691422,0.11197733445528349,0.8226369943616993,-0.9140840714647689,0.670703770113812,-0.6348420832490786,-1.3906976654861019,1.1115197267270431,-0.021598742110759184,0.8235711157759535,-0.9269620176619208,-1.1242607474613557,0.5227060321726461,-1.4208389912227268,1.0396923829493658,-0.5871031521479655,-0.28400822825857114,-0.36605550583348057,0.9112879422434098,0.32934596481893064,-1.6806911366779513,0.8685768178719392,1.0454509150976876,-1.553146884965987,0.5152820125487565
1.2089732725259208,-0.12420876177712459,-0.5212256335388499,0.32253557154988616,0.790204988980402,0.804511721134446,0.05432445433692816,0.42815539506910805,0.5677452303951459,0.2939973662515919,-0.5006933818277406,0.08813524895527441,-0.5109097406396798,-0.3299555244068048,-0.7494235768364537,0.6174229922350011,0.13031805384596645,1.190919171014725,-0.49423141734597037,0.3813188244171172,0.5468039199007922,-0.48955323625969066,-0.4652356336895142,-0.7393200111985297,0.7484904427462915
0.15534678511766914,1.6948461278160103,-1.1949749213498908,0.31886034173947964,1.0862301122782898,-0.6895420263366845,0.30144298115257345,1.0845415537274128,-0.1663012389734364,-0.23145493786542515,0.1308548685636738,1.0191454834517168,-1.1161675753659042,0.9079997650198753,-0.627883281467386,-0.41800825963788396,0.5826482716084393,0.31619915629564865,-0.7672144207012537,0.8768751210059761,-0.924297146244118,1.1995019709431134,0.10062172992906343,-0.5688048088220298,0.5564725326048523
1.283545155325387,-1.1804279593346938,-0.8404045848926686,0.38100773477645805,0.15173739167442102,-1.1684774621150475,-0.9105375014976813,0.7266128921014885,1.0568131019658518,0.5076133323729937,-0.4409024594291942,0.18453621239074403,-0.0014822663721590467,-1.7725297078130802,1.4856544832123324,1.0105408229060924,-1.6160703939241303,0.04870885226347788,0.540922654441703,-1.723529089315405,0.9177489857385328,0.5250556779185234,0.7100202391736072,-0.3398496233746424,-0.3769435920199677
1.085833634741927,-0.6040255768978016,1.1122550028077778,-1.37415802895665,-1.3060657504386124,0.023246475666999944,-1.0242447618194142,-0.21730892878028604,-1.3991729890818778,1.0902395739894342,-0.8721146694490362,0.06993870692799103,1.2558545269456718,0.07859704287202401,1.1559698666905596,0.30470574340456,-0.5814822698881659,0.637851930485461,-1.1646996643429635,-0.03193614509769371,-1.822985208720872,-0.06499969240642002,1.319830554394561,-0.0025512080901726186,-0.8477643215847177
-0.22455153116679377,-1.0783478507274697,0.18630671553563438,0.5260124106746417,1.439785332140201,-1.367578890733494,0.9760411989377789,0.7277902650290982,0.2432043510487961,-1.059653729118022,-0.27704736000657937,0.9462034392529938,-1.236815003320006,0.5993199129981392,1.7028442166462576,0.879235488316065,-0.9951344354781432,0.47203381146361506,1.5153996197836461,0.4215252947968532,1.4259465717959499,-0.84990949584282,-0.1964743077366748,0.7123348472499578,-0.13555262310332183
-1.1313655890489067,-1.2870576657854809,-0.9824444364575936,0.926438228371027,1.274225076494028,-0.4519699961781962,-0.7499975804027513,0.9876953481284427,0.6620366551053829,0.921912407032387,0.6985042403650362,-0.5656523180236341,-0.35452098904328727,-0.4355072845367789,-1.6784984532050264,1.2552557226287797,0.7635460223514783,0.8966940509233753,-1.4161633625264822,-0.3571723646945498,0.16612100429787416,-0.387423014032703,1.1016466642484053,-0.5337262781869524,0.8070112811028469
1.6474095648739508,0.2603343580758981,0.28974637720883795,-1.1264401602542482,1.1164709726769249,0.29214213856841953,0.011471939313531165,0.5618354513802529,0.25139141708888757,1.6624486486015446,-0.9788509674519809,-0.11485019301017654,-0.2735915824359429,0.910139982064841,-0.327333679888679,0.381427522172608,-1.3867991455525086,1.4997682298497548,0.3457459496220238,-0.5853623901862238,-1.629302908702012,-1.081367930843379,0.30525466703127446,-1.550866255615189,1.0504064273138938
0.7903712242619156,0.454044851457604,0.6187575070260611,-0.19109269809459417,-0.7248659785879099,1.9871412873961878,-0.6152351661620514,-0.9299791662674519,0.07501596455553067,-0.9532955626983453,1.244514876607929,-1.9504354120474194,-1.2478112319201107,0.7133415716414718,0.3155443804359446,1.6954478070179733,1.3454197088279156,-0.29134415622210647,-1.0618456016595579,-1.873891740472272,-0.08780347613786584,-0.7336045263044858,1.0727062918140748,-0.4893017838906923,0.7712546786167245
-0.4832767830138539,-0.7326793862667105,-1.7997934561631665,-1.1425895402972164,-0.025824414339656487,1.7169664408706478,0.36211549573253055,0.3736807068762568,1.5455739302791551,1.6209348586418515,0.5113957861439299,0.9633573673158439,-0.6144537350612022,-1.1278574383275988,-0.5184761392775975,1.1235263636111066,-0.7949784273949373,0.8493021565522063,1.3675360040910167,-1.9821200408255768,0.1997064193600987,-0.0920483283830314,0.7125323579808607,1.5501133633298783,-1.5885756830714537
-1.1668756012586425,0.23117804429780386,0.31340509462121585,-1.8656664506635052,0.2957372143082383,-0.5943315374813722,0.5753185246939775,1.0730753564125697,0.40020260701511445,-0.7412996208109508,-1.6611827560185741,1.0831533660359844,1.0629350306328402,0.9692404283358916,1.830549609169792,1.4038203839685908,-1.4686199825742476,0.641937669077742,-2.018744425805497,1.4366391595763535,-1.3997287044354731,1.1416012670734876,-0.24553594047798785,-0.43230333287679346,-1.23337053649993
0.9101995105892432,0.08503250454536315,-0.8180305334852498,0.03933876093582886,1.2193299236083563,-0.2812192147754651,1.147852574521123,-1.1219140039652942,0.20674412076468945,1.1156667028292895,0.07322671563045957,0.7990807318247753,1.1933949503549632,-1.3419562432469587,-0.5637941304622764,1.621229196332862,1.7477385504859018,-1.1062456329573012,0.2848371859021367,-0.022375772723151388,-0.024703838570520973,1.0098130104913385,0.14977712323014114,1.4223555275539939,0.24499876425426792
-1.0943051231517673,-1.6584282592338528,0.9284161904382576,-1.1578330665784011,0.7389776557649632,0.9119992262019416,1.083931410312366,-1.9943052023645758,-0.9456125857085669,-1.1712215751594792,1.2860257777973683,-0.21634405792669756,0.48344451933743515,0.6234576529869156,1.2132199674632198,-0.8709193213884954,0.5704338592589103,-1.375326017967582,0.3767622574797823,-1.6905007243378,-0.5324817038339165,-0.05607323412084104,-1.805736361289338,-1.2333047247238151,-0.1450328039380131
-0.8828908441450062,0.2229516765272097,1.5168524787116135,-0.8780963286853777,0.5262103957058258,1.337952135876138,1.6741941851397317,1.4914471516446874,0.8511334113816978,-0.4027731643459779,0.5156763447058955,1.0208458009722752,-1.428533991394984,0.34395294454784103,-0.051818252248693374,-1.4466906853508326,1.2508370672256777,1.3428843515639923,-1.8691291624116997,1.600855488238845,-1.301076245813478,1.447518893739726,-0.953989245157059,0.31271499568480793,0.4772546964463744
-1.0857662390647507,0.927290539823299,0.4071790601503862,1.5615484783352067,0.9687980716921096,-0.14643410037670057,1.4452790807269729,-1.2158410619409468,0.17962337129156902,-0.32796348312372403,0.8668360804387217,1.192881222498459,0.5405752103178382,-0.5148739233661387,0.2369207622396725,-0.9579605998914312,0.2583996654603521,0.650098800704638,0.9069364930359448,0.06673333487806865,1.830016904372813,-1.859438217801544,0.7053763703434237,-0.7235073287089914,-0.013219282782630182
0.15784655968988237,-1.3873032064991104,0.8162920962273015,-0.35427010103652296,-0.5613236621784516,-0.4830923373673587,1.1170866902370575,0.24231952721268657,0.6744971528289576,-0.41518552297685074,-0.8717292965767758,-1.2848598792310741,1.3328467430532538,1.2130408752203463,1.2238324652259107,0.5153939845549598,-0.7861962596922152,1.5090082429675213,0.9281490695898841,-1.1559347065567511,-0.42811755042568855,-1.2896100422217087,-0.2506299377405273,1.7369040272130953,0.8622047813683209
0.05796179074904351,-0.11482444165168715,1.055101521960366,1.203413020664831,-0.9754442572582094,-0.5995216245720392,-0.6993369177893374,-0.4134736715020806,0.26789884454668966,-1.1780489138918255,-0.0805993329725983,0.46667640400824784,0.7992642985458576,-0.3652397534964808,-0.2493379633128218,-1.6441661704720771,0.09384074503828266,0.7304561371170684,1.1200685417825187,-0.4261474067959271,0.1969995929948305,1.795503271122026,-1.3191056303452338,0.31236645415416286,0.5868431293755862
1.7319737832332995,-1.3111441782288016,-1.3421344464610079,-0.7663238549423655,-0.2299622728748424,0.006731443620462796,-0.6623434106879057,-0.5974998624004372,-0.010178334257314181,-0.4387279952932903,-0.6878690337813489,-1.0768968428021863,-0.5747377571483366,1.417924179656508,1.3991861497517273,-1.38545298088677,-0.4132707868031189,0.5367825043153647,-1.0436404004307152,-0.4806430135325771,0.2077096305007469,-0.712023963913319,1.189159273032343,0.06368081759975255,0.8739311557233063
-0.1451953026267117,1.309014396611686,1.4421868220343925,-0.6109739718884066,-0.9057412018786415,-0.6706286138042583,0.846425094985886,-0.32735912050376664,-0.8396553569034961,-1.049567832092337,0.3296201020899159,-0.5336353737005161,0.29511838054658995,-0.6305541366793621,-1.461496089863676,0.14978740735062157,0.41496220144115953,-0.8562055264381677,-0.766605020598969,-1.212083748127382,-1.4538024637323037,1.4124401040412524,-0.29348394333085337,-0.847596250016253,0.6671163202923336
-0.7303233317353722,1.5842591994492854,0.7650761537061407,-0.2674702664982926,-0.1220160466081821,-0.19521985005316833,-0.3312654657790857,-1.5642687229574368,-1.1410748416546135,-0.9325001692758244,-0.5517073800668497,-0.408866693358029,0.8472467552283963,0.964656639203947,-0.9599098787090733,1.3180889188268403,0.13882612501658603,-0.1718720982581733,-0.5499728132158554,0.7711547935305024,-0.8129805222807953,-0.9731926872099387,-1.5559353685142145,0.23802759110289312,0.7772416237115669
0.6996560686529034,0.19123405159542778,-0.4554407166187912,-0.21293305128014473,-0.2809887855917693,-0.7542134062997949,-0.34259710767217044,-1.430578857442757,-0.32572015145389577,-0.7169177388961268,0.42187028848940655,-0.02854280138694404,0.2511316741849708,-0.7967702518976629,-1.5527762828847929,-1.4643999545571922,1.2520914589567589,0.4266639873529659,1.377902245593896,-0.7140419102622743,0.20387041352911717,-0.3036977858380149,0.1164899730783347,-0.9073652485065867,0.5093326491928523
0.9543627232425848,-1.2688999850131788,1.7430788728742592,1.1339247372964678,-0.692242211295186,0.10886555132057824,-0.4649840646545901,-0.6715117554360055,-0.46056837883965207,-0.77583530157458,-1.2400586662942286,0.24192676893169673,-0.9206200100930374,-0.7307643475511644,0.009102827844039619,-1.4177614892372876,0.029847483933789665,-0.035760885793003266,-1.8212808445865627,-1.2953744516752197,-0.22566942082386174,-0.5044737509950715,0.29476077503126985,0.22084979973821678,0.4781791278812342
-0.890595405225778,-1.020890398942996,0.1306186817757189,1.1092163713831793,-0.3354031483307245,-0.06525293930507992,-1.032965175835211,0.08860662393685156,-0.2939214866341521,1.2945332617979668,-0.7774536206070393,0.07111444524892085,0.3114944413088014,0.7716437519844911,-1.3667596796917936,-1.6360069089964937,-0.28450267145226515,0.2972896353369369,-0.9157361319070328,-0.7403909386955739,-0.29755188589162423,0.28125366824415715,-0.597828262631295,-0.8967824458450749,0.9363161238455668
-0.30894047423973137,1.7368550659187338,-0.7629908514490383,-0.18407126404026353,-0.1719612214182884,0.01021828535344832,-0.8913160127658896,-0.9298090126441582,-1.026463805474476,-0.4116989369682226,0.7344411815074449,-0.820250921029223,-0.7413774551155828,0.9183599812678044,0.740583903034862,-1.554309559164359,-0.9425325175997562,0.5385077378023782,-0.08470222333313511,0.4020014853419266,-0.7428081385130367,1.0543950696611726,-0.8670150913893134,-1.0071803450452113,0.40571814922938043
1.0080613208844735,-0.23983320033071787,0.24864251918258745,0.2945851928350993,-0.30565612584869073,-0.564062174808547,0.35939187422770213,0.022520805388688364,0.6534712122293413,0.3659564254503655,-0.19359537963563936,-0.9805739574046008,-1.1572156556386248,0.8343139468671436,1.171651290410651,-1.2091355306687737,1.4075375439647684,-0.08656147514383206,-0.24224913923128183,-0.24582099200547558,0.021192340121971843,-0.6907086382023775,-1.8793196238858534,0.1415791002278495,0.8932936879569178
-0.9713600903826359,1.8234503030987073,-0.15531495607346335,-0.9602226616810027,0.22194918024372182,-0.10793554126839566,-0.6269465479530553,-0.38904750822502865,-0.8512429578349066,-0.5405603530147428,1.2709052005381878,-0.967305983252828,1.4802559268286215,-0.6835137326206943,0.37352567566976114,-0.0017519014403187816,-1.3741631192765196,1.0372500616171711,1.6824876351211016,-0.5559861281928563,0.6176031970885965,-0.44220738695811557,0.053063118537496234,1.3166753936198523,-1.5709946658628946
0.9272322516302467,-1.3829726978456125,-0.9380993306329406,0.4093717729354247,0.28191771309653113,-1.3247799084606793,-1.3941902623013958,-1.6333218794687843,1.262422240611965,1.9278502325613758,1.2852293999086233,0.09374509486249383,0.36715032945954007,0.4624986340833366,-0.7740635510841317,-0.14269824852197996,0.7056120088380009,-0.31381957984974856,-1.1998982243512848,-1.550570530342434,0.5953613769432049,-1.404950911474043,0.9593183403904774,1.5989123300019665,-0.8101936167202973
0.000463894646161013,-1.2460598879851839,0.49804793560459415,-0.8881393056722203,-0.10820047603843674,-1.0490243354819566,-0.06274680128340746,-1.1723313095665222,0.19213162317978627,1.7914855726465064,1.1343389422377523,-0.5599382601272198,-1.6153373227113976,0.06748534633207243,-0.765334637116326,-0.2831533283062591,1.3776719967912587,0.4520575636470428,1.0917679762024761,0.9340219679163476,1.493578197847314,-0.4434451380076836,-1.20046505506385,-1.8097952217337343,-0.5315708986078382
-1.5958467373014558,-0.8847019366189053,-1.6431605830010527,-0.1644640080489223,-1.3449014407157427,-0.0721015635863913,0.6568530799864005,-0.9350693588637526,0.8930309520601166,1.4597738053517804,0.15851746337142525,0.2558273440184816,-0.21725779476522208,-1.42745385588224,-1.668031934107846,-0.670123037279401,-0.2892496640431312,-0.2965404399366438,-1.336356267857298,-1.7121225503264128,0.7526835361660174,-1.2126439739347001,-1.283293731339893,0.9033445527323264,-0.6671015941056296
-1.0316601176846008,1.298342223898771,-1.9489868940676605,-0.5311924727608124,-1.1935023447770126,1.5774432175748299,0.07463665895934739,1.6796092357983776,0.3592739420571408,1.5942761764165752,0.8616618462707549,0.8354567446594364,0.5115050057188187,-1.2351382801224857,0.8926388977285828,1.233124580844748,1.1009837084319427,0.6652112444234903,-0.5774835761234971,-0.11961933280165027,-0.015207498912919814,-1.0029151832015395,0.48758025311898034,-1.5553632285702927,0.29711903100687564
-1.3161575066018631,0.24677321860529527,0.005622208960144037,0.2546216228412849,-1.0167392579041894,-0.29770402928511863,-1.2663877108655075,0.5198718215350735,-0.6774162150995542,1.0064874602615586,-0.7884794931778373,-1.855820692054757,0.7822197613079989,-0.20552222985153015,-1.332599079386657,0.642267677581453,1.0256440026058224,-1.1416752520615905,0.8274994226984541,1.3496719276434916,0.24216822922477,-1.1054986223620347,0.6956281947528675,-1.3165518439689237,-0.5299423081296891
-0.8713385186192469,-0.8964165268155058,-0.8736631505356351,-1.8713092078556657,0.46112859638689496,-0.508056433747765,-0.8311135355534414,-0.024625677001458568,-0.05310799015615947,0.6831509312615247,-1.1445503355058815,-0.6561600862191375,0.22210724477509522,0.008632284170604403,1.6251357843212182,-0.14001073758300092,-1.5088949903192677,-0.4953589685109031,-1.0431147978377813,0.724068190936492,-0.24516478860218113,-1.1516609660319654,1.5081223213488424,0.23863426456572928,-0.06069765411960715
-1.4139172097280737,-0.9461918394309208,-0.9314738598308944,-0.06932251697259699,0.7609687024426193,-0.03246572469796505,-0.6652202090152801,0.5122530938662014,0.1265888907258172,1.1315130649781378,-1.9462899215639928,0.9700850695625002,1.4574838692726422,0.05334443198232647,0.12223700491070956,-0.9960076592835955,1.6548339572213977,0.44153063799389847,-0.0892054035502855,-0.1176594787467734,1.1284704737148534,1.7877223910097155,1.5451741341586507,1.5406532445857026,0.7945036480978878
-0.3854804748455129,-0.4850733927052594,0.3188632410950061,-1.342387391096263,-0.3230740016168354,1.9689136899811541,-1.0711017465500081,0.8388293822464528,0.8062369794654315,1.237807138197156,0.12664131086282004,-0.37446140883201495,0.27999117412707253,0.5176089656248161,1.560275023466661,-0.9876420104880508,1.195122627619841,1.2836597779528072,0.19274931664649442,-1.7543751912140126,0.9426697073614382,-0.7305737223549328,-1.9996346531779352,0.09311092817343525,0.8459257745514634
-0.9784604105831459,0.9769724622893622,-1.6281459240992584,-0.1933969759020192,1.6936542537198718,-0.7946018203153735,0.6059625795106691,0.3812696047976904,-1.3872935981523808,1.2545760886959016,-0.2988300858870431,-1.2000342686305823,-0.520631063467524,0.270969768951627,-0.035370600415936246,1.4473319430132687,0.1770409255633758,-0.209351315497933,-1.0660687440349763,-1.732758484906503,-1.5563800812640802,0.700934945957005,0.30364869105446113,0.15481142222333555,-0.12865266383605412
-1.0785153055624357,0.8412340097246507,0.27515786836216943,0.3854522490786397,0.7087881869932423,-1.065851399991583,0.5277778048014162,0.7104844185112928,0.0099056927384924,-0.08989913985432485,-0.2852853022825138,-0.5632470092329145,1.1799182406226343,0.26424698204072794,0.27133277088967817,-0.4383627093155082,-1.0825711269893343,1.0826433927526145,-0.33113140393664164,0.06510121689846138,-1.7439488333830584,0.5848579695231132,-0.11923639569588954,0.6630745884291187,0.2542042703024876
-0.14999157198905722,1.0168737874399323,-0.9868402194268378,0.7657768206759435,-0.10763977483323395,0.22466865875608275,0.31489135272906593,-0.9288404337724482,-1.0150559248326236,0.514496883112054,-0.23121308262205306,-1.5173579592584674,-1.5465484917928976,0.2875294695991795,1.196566866073332,-1.1292579329928578,0.0716479942745322,1.4075950780476005,-0.9636225534415983,-0.19213893422049988,0.07157791172679202,-1.8391826760012728,-0.04877224019928361,-1.7394980389751211,-0.05588737955522349
-0.06481514211818593,-1.343242280181721,-0.44885489234061654,0.8137940016016739,0.6418598727007307,-1.1304743917269395,1.6673275280632367,-1.0199623553068369,-0.7217240444945936,1.8569561967470087,-1.9108132798482282,0.7423029661630279,1.580384715215953,1.7895883001708568,1.332319525610547,-0.44306406245081553,-0.8212887229893415,0.9398258148001635,0.3810925810394603,0.5760717222532393,-0.4081622779129311,0.9651246767000218,-1.7106873284390853,0.1753360991611605,0.5990878146536383
-0.06791505952551331,-0.3299541282674799,0.5904776259120645,-0.9781016848604945,0.33571614621324264,-0.12357916820867476,-1.1043228670553962,0.4947145943344151,-0.5460993118610982,-0.37550305322724864,-0.6576068468492485,-0.04978605195883734,-1.2661668518214246,-0.11023539185847725,-1.699295336222847,-0.5536614850895669,0.3698138146876395,-0.334538579466995,-0.4496212574579759,1.0689623593352904,1.6569137531085207,0.9862299185588375,1.5259237435008437,1.6669509071001483,0.3593945074263898
0.044478037749685076,0.14009916567657593,0.3283018847299206,0.03717547788285247,1.3831024694608811,2.2643634689323324,1.0874116335574553,0.38818766963016177,0.6501123080377886,-1.3437042030072885,-1.557272672311008,-0.20015520101674628,-0.7508969637281799,-0.9899976822880936,-1.1562255943706021,0.6973960229744711,-1.4123970504783334,0.9946884483929986,-0.8440629806842498,-0.5883715236498651,0.7690218316502927,-0.5966208896042354,-0.6794773265482426,-0.6279953137428532,0.853766742440516
0.01866176417143673,0.7346628437794106,-1.4602431264205862,-0.6887998865946758,0.5427857098668838,-0.7108511625033815,0.43664575027862623,1.4180485108787224,0.7829111879233421,-0.08815960753384244,-1.9549877754169915,-0.3725068667008806,-0.17837100974754125,-0.5953477271617477,-0.13475400131495055,-0.37859640796127186,-0.2874091027999184,1.4517582898510306,0.18780351389721234,-0.07677350595511212,0.8479710804605339,-1.04741866504235,-0.43687833282908983,-0.561500066358437,-0.017766510167462002
-1.66051930245195,0.34016509230736,-0.2363332444255211,0.3966925098476061,0.43906597961712196,0.8477216368760851,1.71710094222838,-0.9302602971550885,1.8704780895659698,1.367492716096248,-1.1199560107925142,-1.9448368653788424,-0.36106550478602767,0.07138978649498834,-0.40520156079452174,-0.35084838786898287,0.4763322976739289,1.40631362378357,-0.459707788461438,-0.5708258263637803,0.32992698344778226,0.13103702803408382,0.3844876028479868,1.7253481152422094,0.8725303342793742
0.47311777679165967,-1.6248890802007314,0.3587406981005026,-0.13147452372751586,1.7342272331613662,-0.8810390811800926,-0.002418054349528842,-0.6285754615701751,-0.3521320036890738,1.5296566956895647,-0.08260902078778648,-0.7358802201929426,0.7825601081516949,-1.7125154844694999,0.2303599475182074,0.34869969463865164,0.8325652336679958,0.432058062323997,0.9728483180327449,0.7586248248026638,0.1502218605490268,-1.1842748014599662,0.443744337648481,-0.8644619041610075,0.3171477534013576
-0.06466568950708268,0.8781255893512755,-1.788745847324532,0.30111649522145423,0.43039379415220447,0.41364987479340753,0.9504460071856345,-0.990664297665277,0.4490185311766679,-0.01111403817325407,-0.07786026982839628,-0.03246976144560815,0.29921663432436046,-0.11750151572104495,1.850969716133854,0.5419201036160725,0.40568997174762056,0.5202044531298977,0.6792154829815739,0.8840615063894185,-1.1358920938434776,-0.059175266893673924,-1.6861686086592123,-0.7792304159737209,0.6618641243425578
0.8612032967439708,1.590249977024484,-1.5438893230437931,-0.30864179768667865,-0.928833783080925,2.1910925138667596,-0.3396618179974382,0.1475108282760703,0.5405995411067819,-1.1083393577344234,0.7562823705761202,0.36117915860932426,0.7981752213838169,0.6266226427029551,0.5922667253465059,-0.29206616538859703,-0.061572790255980586,-1.5117425763834529,-0.8630421347285832,1.4738355689480658,0.7045494784691764,0.065595116094555,-0.3659708153417821,0.724227221174341,0.5718496524536949
0.6992823168454886,-1.2952982872756693,1.4118445436110192,-1.610526035398499,2.1761391416181564,-0.20170819033182952,0.4980345387976475,1.4843862214059744,0.793693348958912,-0.6788548067758154,1.1133661011207363,0.4215590622492137,-0.07380529409570749,0.40748512704672907,0.3808490063928289,-0.4468889830704527,0.2202878546643519,-0.860524060076379,1.576411254156433,0.9458203191489131,0.3031146602100706,0.8692233503956232,-0.4050052865889465,-0.6738783768438389,-0.09752004991412544
-0.4086016585371218,-0.3561340380254842,-0.41281596663270165,-1.5086115896995391,-1.0513987143864227,1.2193491098388436,-1.1287519432560795,1.8173761519797993,1.580196726475697,-0.5823009231860866,0.31410321601165425,0.7341746489977042,0.9756898551057992,-0.2732242589324251,0.5679142122482317,1.5222154750987074,0.38946813272031217,0.858199698551074,-1.5873092342803026,-2.143109748556634,-0.4948650865178841,0.6444127902764176,-0.6622814434701809,-0.47031216527614367,0.1376437512791321
-1.4902859473205385,0.5393128129713382,-1.3403683741925732,0.5781890317747035,-0.8568119105056002,-1.1862067555828846,-1.0359751741759708,-0.352575481774205,1.6845412369664543,-1.2274945794464698,0.5856320309740007,1.0823235212078997,0.7612537065099209,1.1597361327443285,-0.6413316830211487,0.15421794603232633,1.248395138252047,-0.8976072586494418,-0.1284953261271916,1.328330231432946,-0.8303882006713263,-1.8940789166021452,0.7759848189093198,0.2957540064231098,-0.6851161589923107
-1.375617523214915,-0.529116945396506,1.0288465373887985,-1.065979899365856,-1.1043174917271135,-1.058698794659342,0.3134091009199374,1.7781026253066505,-0.10715633400645541,-0.96430686066836,-0.16304947461184002,0.6530444522324169,0.5270652393038944,-0.5145553358889497,0.22339300610035148,-0.8147353320169003,1.2126886386204143,-0.8701733818352678,1.2043207528302706,0.7465599081682487,0.666206722617766,0.7059191013594274,-2.004618938352058,0.4305392972174611,-1.0114109746612345
0.8334253611087069,-0.6109405496963861,0.5766563115979699,-0.6676040777325944,-1.228924591368669,0.3979408629760353,1.7044588098546432,-0.7154416187040362,1.115333222472615,1.981561733916443,-1.4185124435270016,-0.7134410702371116,-0.3886299797180643,-1.3232643245041902,1.7544195683891457,-0.08169654678853808,1.605154497166069,-1.4655884943284962,-0.49268616871718224,-0.7845243930050972,-1.787942544559257,-0.33640608177115755,-1.6653989166173493,0.41905186188038224,-0.18901998516324026
0.475573640898532,1.3873359313167684,-0.33588290259424314,-0.2937343718761059,-1.0861161076538388,-0.2715960041443738,-1.3774454015271624,1.5986406228872683,0.008512174717563603,0.2689066275740178,0.13702818368539316,0.31923907045112465,1.3771218241337404,-0.1190248583908634,-1.1210489573408227,-0.0975871524234736,-1.3765212354494887,-1.5708003591107005,0.9828765972930814,-0.9142499631131057,1.8543123309226774,-0.24423274048882487,0.5848181193588311,-0.6038454303249012,-0.15401705612923933
-0.8095872371731153,-1.0594046646391377,1.2380136150419347,0.9070701560518634,-0.49544068343035585,-0.3763443071833886,0.5704047692071877,0.5751816868725911,0.1537670895279034,0.7893954369044942,-1.3047034493653866,-0.5736849362216363,-0.020943052875416156,-0.08259325807411559,-0.7408601986423619,-0.2887307845897523,-0.5501599813176454,1.5369082445253057,0.6811455101550493,-0.14338872065601016,0.706020182068414,-0.8038949030059624,0.017792570187357415,-0.26583621186856343,1.07996165808737
-1.2680980821340633,-0.739057778814259,-0.6189893955795511,0.7581398773046445,-0.01502805398348206,-0.18768504012116072,-1.2355371181704287,-1.56157944728843,-1.2896550935883992,1.1331239084592104,-0.7415619076839672,-0.3494136835101473,0.2645485903999482,0.6067425740600343,0.7659306663913283,-1.4752126502895906,1.7054826552476596,0.33053288398770087,0.9113543931508724,0.5677385866674324,-1.2158470915916573,0.3568376447753928,0.8734515817635505,-0.9058455040365065,0.8901565367534032
-0.811561158179848,-0.5229708013494884,0.39135172043474153,-0.29541620431806587,-0.8480561994407629,-0.3885659682758882,0.016188525008484465,-0.34769446269739335,-1.2370493688364053,1.1365788687902263,0.4314459581749147,-1.9995200760012422,-1.3192581228662323,-0.8553786779005772,0.5567025760483788,0.5973217695674082,-0.149020834065212,0.5668552060020147,-0.44542195094611325,-0.2322005838748521,0.9950475183969787,0.14918136686181432,0.901771828969493,-0.2850249708509566,0.5571009721621416
1.3191438437186012,0.21353285468355013,1.7733471598046133,-0.030670525854115588,-0.8181312567056496,1.252961265615149,-0.9156667056917226,-1.3030507262960171,-0.7079690922835544,-0.04882906565410372,0.3552399024356764,0.024698285901768813,-1.3278294126148218,-0.3301767728614828,-1.7048279451783312,-0.4298214239464064,1.4093683910914843,-0.4995527403641633,0.5313323695530976,0.13480529947024567,1.2884227164238213,1.6038554979270523,1.0077784219900088,-0.9720589996496221,1.0800808336726793
-0.3498349445264147,0.4602968549419437,-0.6274548778679336,1.0526701434878412,-0.7670599592159268,-0.501353217478805,0.6840589346050311,-0.9769112918817006,-0.8671604508027462,-0.007355945667120611,0.04714461952208332,-0.8438634327640293,-0.9865609516471798,-0.6770050391427944,1.5760829750944252,1.486107363095994,0.4422162650173909,0.8875121996762371,0.027365175394624103,0.8389159792928825,-0.8360890699447959,-1.0513223667703802,-0.8587618919328162,0.6324987518286003,0.6922793942616041
1.4083897388724038,1.6656707148146026,1.0182515780372734,-1.9284219982495188,-0.9240927917885442,-0.9956758604502254,0.09215531523378248,-1.4336639449284083,-0.24325354991680803,-0.5666033332165448,-0.09586632366553016,0.31065138148815075,0.3003984913496673,0.1806581941774504,0.6005302683348648,0.33945298962736753,0.8860035248115435,-0.6720863123967925,-0.5504334845644501,-1.9518387904679035,1.6337395149194245,0.7655843369335514,0.33311080386231984,0.14905751326551453,0.8670632560714537
1.0389351017850168,0.5768487461403267,0.021909474344371446,0.7626410901266658,-0.5538853048572248,-0.41884567846853715,0.7521963558608815,-0.9054118334251581,-0.40062397256526094,1.112151595990416,0.1254627503753737,-0.9878095810380114,-0.15972405791100583,-0.9760807444857609,1.1434418897193124,-1.0108460839251636,1.0552816847292672,-1.1156947768209156,-0.9070099657469544,-1.8359330655514556,-0.8948088871153929,0.24702626000655314,-0.9062035892330339,0.466449504749772,0.8163372578612926
-0.2146048055979361,-0.8710081501477294,-0.28084595517554917,-0.09078251557680561,-0.506393805503028,-0.6124860638710878,-0.5906951636297475,-1.961608006994385,0.40844690190444083,-1.1367637836079891,-0.5670613976360691,-0.14827778558553434,-0.23524154301956146,-0.03971421435757096,-0.24759708534724062,0.5880368532229228,-0.795053425919255,-0.1667982331878043,0.40714247332911313,-0.5737557579406528,0.3148406868833525,-0.7593459826125631,-0.3792643101118165,-0.49993346142493283,0.9949892367962059
0.2929052346858073,1.864993098065605,-0.42898265068621577,-1.2672065716363319,0.5102392877898447,-0.4382696763609609,-1.8347503268909982,0.9760032277730231,-0.3626074175788143,-0.6913983946161738,0.06883451597368873,0.0329275294640482,1.4081581589241268,-1.2048524370472,0.7210470495570231,-0.8761934267827906,1.8941967154852906,-0.0010960196870958006,-0.24717276535883093,-0.9980902910887467,0.5264849348113153,0.9680445948874522,0.21038799966198218,-0.4057039007662826,0.821781427669287
0.2030807332043375,-1.73647528108748,-0.4301736733149074,-0.5269681561806059,-0.5461871357046686,-0.2566281945156256,0.9557443028723436,0.3029483482765219,-0.9133938515766256,-0.170948518430724,0.03759233953812054,0.06416862266964579,0.26153708871865317,-0.5177465014932646,0.1734970221169579,-0.5737883587361375,0.21044096208642019,1.5921891087164144,0.3105515957407993,0.22240008027043567,0.12170847328486184,1.1832598088778734,-0.3205895310043055,-1.3266073275149952,1.0318913306102568
-0.2906008073676075,0.2019914909854804,-1.6291731208800324,0.13516579508029156,0.8766548060836911,0.38658856040787487,-0.4940760760185195,0.8585483696365119,-1.153564706213471,-0.9054099623874794,-1.831941693227383,1.283694748759526,-1.0916813205564073,0.04728781158938977,-1.1045488356134376,0.4679691892522694,-0.6479540634912813,0.4604696673431233,-0.5859754193865487,1.2141670682682535,-0.5420808716650163,-1.2696390665221202,-0.8369045304634465,-1.2027057102197136,-0.20365856516184289
-0.9726684376452429,0.8136795245300066,0.02384660844518765,-1.9523682564896436,0.931211432124515,-0.3469451106984347,1.78424699802068,0.6320394988220152,-1.1729550646947067,0.18333341167771627,0.4232250505203208,0.33717912640632686,-1.5610679282971447,-1.723431769419041,0.627020530599058,0.4126676750730714,-0.19608864036713497,-1.1094101151618467,-0.04354703545674414,0.8716557979304983,-0.320546823514115,-0.1454663659118556,-0.02170304696352482,1.2395892163839788,-0.41305679540283985
0.7518922624295308,0.9787606319553667,1.0047291947632062,0.2998055097882346,-0.0793266663140264,-0.020759057287121296,1.4083988913084176,0.31671813678579824,1.5707938169939448,-0.3562352008188947,1.1638277279153537,-1.022677073493928,1.618213564851252,-0.29414671497571065,1.8654489403132752,0.831983733697417,0.959337500492946,-1.1041922335090062,-0.30376754581483145,1.701748644153998,0.9749892670998547,-1.1874842568500399,-1.525762301935616,0.0742208929404363,0.41539717813904176
1.4804512085336476,-0.10353903624235683,-0.4407525957543464,0.9101300723093352,0.5465192771230778,-0.007372703124364943,-0.30322352443189604,-1.04927666580398,0.2228950571066457,0.35758726690185144,-1.741752618460033,-1.4760817713518484,0.9021958316774749,0.5262812275057225,0.20136158578553973,1.8638474675782803,0.2901812006694751,1.3039382597372793,-1.8632289141885154,-1.8814939491690312,0.4794852791702447,-1.2568413834363992,1.5251776839619016,1.0639540954932243,0.16379666993246667
0.11562599876456957,0.5156742892012568,0.6452360037233509,-1.4119496004474543,1.1783362051052975,-0.19354431352467694,-1.2149392780393393,0.37096976985837155,0.769057861539654,0.9108564852993636,0.16047934904931282,-0.7632263098252707,-0.5783972927721588,-0.8356090261240608,1.1018016294803994,-0.5938460442304168,0.7993144694655602,-0.8484936237399056,0.8181596818114804,0.5646294026289463,-0.007184261591410678,0.8856848663762844,-1.927407719121593,0.8185049191293323,0.4683707840909852
0.01638557951728354,-0.5395606019046353,0.5445029634304501,-1.4794151954621175,-0.6161495046855934,0.32865741929990905,-0.4083721367446725,-1.7465391666963197,0.4027009025203469,0.6719607507043392,-0.6333252707152681,-1.237263300886957,-1.0766278423109734,-0.7405574220160608,1.477246557546526,-0.805798234123933,1.3560015593509767,0.5046239110471358,-0.78915055352414,-0.4614971917137297,0.7205780943269398,-1.556519149488294,1.0163332119794322,1.7443892654817423,-0.11844691960196829
-0.7127389849807422,-0.6320767991651193,-0.2451171163695174,1.085457731161096,1.3823686498009575,1.40401471339802,-0.4072846759391496,0.661971105403866,-0.4700980856432938,1.5323154702448352,-0.21297391379686767,-0.9785259329294844,1.5948954082085354,-1.4399433196465896,1.3111854387613655,-0.32835635200891955,-0.732095089530183,1.7937148798930274,0.0052091286690756355,-2.025055210016749,0.1640108151699721,-1.2506400091639378,1.5920790313618158,1.5078813227530508,0.8814537945433578
1.218343889396568,0.8009847162975573,0.06829919681025423,-1.1630285620222667,0.7795876715967841,-0.9025146737121152,0.19452823628885496,0.5650696481462958,1.0269481593116296,0.8937518537957045,-0.4815490892960642,0.6421786142239554,-1.3302279904739975,1.2768152556823456,-1.2323778336874345,-1.1177785043544113,1.8465836948337104,0.628009047140564,-1.2534241126326031,0.05000418582034272,0.5941885988269994,1.7013667153997054,0.8868550748728298,1.3283422235630749,-0.025375674849609564
-0.39004672767814835,-0.4828541143227124,0.8802926177131633,0.4358012047515344,-1.0872393153768192,-1.1249031324789762,1.8877241753574783,1.702708465344644,-0.7208279549610856,-0.023096587072638286,-0.54012120542202,-1.024864533884782,0.12202933246337451,0.7237990786324673,-0.42812777875780306,-1.8816272968824783,1.1176433120961708,-0.6268402555092328,-1.870706622015863,0.39042041628556634,-1.1934480517999284,0.6466762904997054,-0.9297718965181582,-0.5469031299785412,-1.1088158337770684
0.5225362044707297,0.5857286148164874,0.08730369764720394,-1.171499242422926,-0.9750528031368841,0.23373094698312716,1.5323405891428576,-1.3820663148855983,0.8683199076237433,1.251462784564485,-1.8797499795377912,-0.5785697894532759,1.5940553398094053,0.9197756137449019,1.039363292827505,-1.043156608597163,-1.0859285885262668,-1.365453625500876,-0.39087951176404123,-1.7518671893795172,-1.3570375080562742,-1.5434827275186833,-1.4252708304903603,-0.3263207675023604,0.35479805994580493
1.6801912405654917,-0.9455433574719954,1.0544693475800604,-0.9413763869150855,0.7404398145372828,-0.7842153601412964,-0.009152848352106136,-1.2281482479660308,0.056129338784717986,0.6606279417598162,-0.7217909727710312,-0.1325353568975935,1.0063455122208032,1.7874172641411006,-0.45120683295617353,0.2526395711787288,1.5902279797710595,-0.3464852811640406,-0.005100272832783775,-0.08957311627676645,-1.247919917687717,1.308601132196879,-1.8671867109136286,0.6452471343761331,0.557649205159515
0.5841340176326603,0.30872781304765196,1.4088211968416084,0.19942237474733604,1.915144704396992,-0.4858762838501519,-0.15653472903330115,1.7197597201218708,-0.615129030215788,-0.3536465254936786,0.9734024471592296,-0.9033966166914414,-0.2631075610731142,0.6480244554414911,-0.8498895720386092,1.0109353610925986,-0.08518921508715188,0.661817042007178,-0.21313390631724521,-1.8913479252401637,0.6534041967958785,-0.7560019410805903,0.9479091422742977,-0.22575684934357146,0.8334340571605079
-1.120297890277135,1.3026887518964227,-0.8711478553837291,-1.7846186048033696,-1.1620232686036844,0.04957993629737645,0.5705537199070663,-0.8656597641577802,0.7191085582555616,-0.5752335654776363,0.2703740451073453,0.44094275978557707,-0.5555264950053957,0.284713919858701,-0.5215137329891169,1.2238369056288771,0.5244817864615853,-1.459303936449222,-0.41907829495946014,-2.1717343099683997,0.8620474405867631,1.0007257608240967,1.2757018174019548,1.4667269469963014,0.39324376365475344
-0.0919747068150786,0.06659427365990309,-0.12534608875610684,1.760678984513108,1.1967252594665625,-1.3397650937756362,-0.573850650934497,1.346619452808332,0.034774287650099156,0.3617135517092863,0.029398872420180078,0.9646216261316131,-1.727531592706614,-0.36748177512835745,0.8546771453025225,0.2443399550594435,-0.6128663306336221,0.3356902334588071,-0.8778047325177808,0.39201780060057534,-0.5060802587537042,0.16417130228893453,-0.5924588011507403,-1.383600911147798,0.3339340455076696
-1.4734063051766246,-0.06500974646970648,0.24249078200460777,-1.1954738002484384,0.1210698804014651,0.35265371846977167,-1.546571018867688,0.09078279846881052,1.316266523310052,1.4622672258140488,-1.2310474849360973,-1.3536851092004882,0.10860501699264975,0.5984544912528119,-0.6487893380493287,-1.7870981690972052,-0.11374027183078225,-0.8384875569954361,0.8751096288184165,-1.1168286445634084,-0.13090368602835117,0.11547118914603709,-1.2447908128454228,1.7984052889483242,0.5802327739019768
-1.1838778211271483,-0.4083389074232452,0.07105778180832353,0.3980591158505987,-0.7405481170011043,-0.7463548598264624,1.2719378965105632,-0.13714821473150646,1.4894383446793946,0.3425310636928915,0.5649243125925762,0.18783100362942362,0.668886119004202,1.2061862731270816,-0.4964927021686843,0.48259963619688134,-0.05888849379163494,0.11111603101565651,-0.9287094097436008,0.11314703989067898,-1.2819319118115933,-1.0366850037147797,0.7918534262472127,0.14690481155545734,-0.5023895404629091
0.02256596845857728,-0.18162888942159663,-0.9399529250734409,0.5737797184878208,-0.9625943713191352,0.844833118299513,-0.30424931634500774,-1.1998767495962517,-0.9039801814155941,1.2520099875239465,-0.43291407846330565,-1.7047790887893792,1.5616792416062046,-0.24564141776640958,-0.7221101324421564,-1.6179665125621372,1.7348690877388786,-0.7659436223316927,-0.14358131261572749,0.696167235678027,-1.2357674447513625,-1.248179253954637,0.06256444382180965,-0.9546638357965497,0.027798292599616414
1.2409362728827982,-0.15323124688137355,1.7229877217544076,-0.3754287043271002,-0.5670568678377819,-0.7498572375322805,0.8480050789528393,0.06516865818336566,0.7049825121617432,1.1204780852490925,-1.443398009358667,-0.9906357224701623,0.5400148901710926,-0.07479653312133289,1.3303025941443296,1.4173960515093806,0.37648169368760764,1.4939992937513535,0.7280797896140981,1.6625192469922832,-1.6864953080644975,-1.3900786191908499,0.1482964196812543,-0.8367974242298754,0.4953882748924965
-0.8236013566219276,-1.5055190128206553,-0.42680030821381154,0.0990795566140864,0.40969677870754667,-0.8072631574059637,0.7299091202445203,-0.12479264633316492,0.8807545833433867,0.23674624410601625,-1.7321641105021812,0.3905270700586101,-0.5624741631298374,-1.0498691398507418,0.03781312920586986,-0.1624364587515994,1.2553986056415871,-0.22968118546053767,-0.23249632258329628,-0.577466897318465,0.47877839938457156,1.600536829662788,-1.3161870287999826,1.0795623270571189,1.0050347992203335
0.9551888395174943,-1.3093956494181627,-0.522033863491387,1.1906161323876967,0.3796735337975804,-0.5000805337489793,-0.5432320732632293,0.34478198571761964,0.18315659436034734,-0.571694075471968,0.2852530921578442,-1.3239231685377382,0.7100676001927163,1.169688754078321,-1.1442053655323257,-1.2487155681389779,0.3120111430796541,0.21619114130556782,0.7868286407476461,0.3701944120769546,-1.42744228471691,1.0750599913585537,-0.8217945979654494,-0.9755675349404308,0.030518858780056668
-0.6039560491616505,1.1986173169662875,-1.3677315381667507,-1.0025514994121392,0.8163256669911976,1.1053645760040163,0.24627875588650316,1.8373755155179696,0.8340386287451704,1.7624684360740985,1.2425378031869365,-0.8357968384961014,-0.5689214960584816,-0.6684207371571729,1.8001418746086808,-0.2330321972147264,0.3192804382555795,1.3005662995371692,-0.2574656008222605,-0.19310814934834608,1.604553033425724,1.3278227984307425,1.5578352555509758,0.021453365032286675,-0.9259246427583113
0.3716308397251784,1.1397909517227522,-1.1411928826979114,-0.7195706798685522,1.8477725731059367,0.724094055323732,1.095895201628282,-1.5345838743508955,1.778125956441417,-0.8815005846968635,1.0381761559107772,1.2852175505157875,-0.9385272653663695,1.132428464494288,0.5259539450962729,-0.8963427653575804,0.2411990433940345,-0.6453831399148683,1.4343335856209856,-0.8184505871517594,-0.038539479580434376,-0.5016522587762005,-0.08425873866153102,-1.3421587893065339,1.0012727751693944
1.6322293545337718,-1.047843595043565,0.684893580223336,-0.3080973879828267,-0.35991264222850283,1.6515863021558455,-0.4641488469501134,-1.9125702482459288,-0.6605368604678945,-1.2060034753328956,-0.5986292735167436,-1.9286928117275446,-0.95940614877859,0.3281033897372221,0.2221318461245398,-0.25873285201587753,-1.6583655747576262,0.22357708804642873,-0.041455905306526486,-0.5007288584714912,1.2619286240797778,0.046570161054515634,0.15178469239904901,-0.9821989734186921,0.2722530398320242
-0.739404764307768,-0.1845511779786993,1.4731875083832686,0.022061691979879894,-1.0393168276803886,0.39282495624273495,1.5153617400127366,1.722355636368776,0.10256995110341591,0.9227145977198478,-0.20862905004065774,-1.3765116768671835,0.35169709006949934,-0.2546671949709176,-0.12976739558911893,0.3450362927537482,0.6490618271991909,1.7295135446589458,1.7868455441146924,-0.5101749184903189,1.8980642592245474,-0.2936768145683386,-1.700702956872414,0.7324894110340224,0.0410716923884481
-1.1640025173357076,-1.2830262112837318,1.2573031918652542,-0.44623858843197084,0.9302668406190973,1.3372888022246507,1.7651347765827632,0.9269254424398043,1.0805562349122415,1.9153787302274405,0.6338728118907986,1.2685006484204613,-1.2954703066352649,-1.8330854636656584,-0.2845770665917082,-0.5844965055015264,-0.19173478755947815,-0.7274121884285998,-1.1504928613688183,-0.18159316724212793,-0.7566378761355117,0.08903401339799841,0.1417638276761663,-1.3690193764906637,0.8636366917701228
-0.16249220516552884,-0.6600309922030468,-1.5311226567246723,-1.3727740164350934,0.7680054819035494,0.44333164284387716,0.42800263718510795,0.14230953625809947,-0.06331160604167663,1.5519255813387498,1.1899564525732869,-0.7680317207838341,-0.6631346332156179,-1.6059734598129771,0.4206598797976511,-1.7513736088009109,-0.6658685586589488,0.38960069077017856,1.1945537247578,-0.741056613765586,1.336780794488366,0.4655199772087811,-0.5108294887283958,1.2006674642281085,-0.2649215015626637
0.3005283177838413,0.15123676821065607,-1.108022461953234,-0.902012736297169,0.202851797503572,-0.5513211590559883,-0.027876995325035358,-1.3203249624593094,-0.05866282883412799,0.12404965965365572,0.08206375403947441,-0.013877580926579647,0.4664986718286725,0.21246818204417783,1.158235105902642,-0.3148714849649454,0.14871060041585077,-0.7663028588857064,-1.1444550720442968,0.5463561778425273,-0.7539077907182381,-0.799214304815659,-0.6757780741428241,0.5853561602602,0.6427685661608769
0.7932462611565849,0.4624473719661072,-0.49311104630312236,-1.1075316111584907,-0.8486977716796134,-0.5061411969784242,0.30837152476559687,-0.05803755810370749,-1.0235879296998636,-0.3585548828681058,0.8839831692774661,-1.1029681512775154,-0.2674748501602241,0.7926589980632807,1.8378487908614347,-1.199628755395665,1.2717559589678773,0.8864805695414113,0.5189446920562579,-1.5492060630218307,-1.3425240977450048,-0.8199298361884412,-0.09737358490175566,-0.6347339431685025,0.6517357704984357
-0.5723031090134078,-1.3156005385963683,0.4788958064709449,-0.2813291649734558,-0.5668171155414095,0.009884002926432933,-0.3291655297708831,-1.8668195740771785,-0.2538255556479849,-1.3945525870188502,0.5389867588642169,-0.29819992716153654,0.6797801138263365,-0.535614427541792,-0.6774426595549966,1.6544652217087803,-0.25524207994080966,0.08609083898354322,-0.12000704095552966,-0.05231049184896708,-1.3075173535127493,0.1554079647946718,0.10653485057392909,-0.43050777002525786,0.5478457987542511
0.29285125129058837,-0.49192258862038774,0.8032548162593929,0.8080546802850856,-0.287655545828317,-1.3963852093260716,0.38557814131614676,-0.985884261459711,1.1160024362562808,0.14661503842259213,-1.0608070142710795,0.30171415067096063,0.06742589275192246,-0.16768840447473068,0.4868817429838226,-1.8141092397366712,0.046814194293261155,-1.3592909530374828,0.7898153735349321,0.04449782150321513,-0.03642195253687763,0.8832925479040974,0.5150361219034095,-0.9280083785116908,0.751041796104359
-0.1440957611575769,-0.6759579834463667,-0.35020485624642367,0.2716663896705217,-0.2837157887259737,-0.2281866710559448,-1.4284721371365499,0.8986226351769772,-1.1970662322567092,-0.9919697720674938,0.10465945592752385,-1.277052181265165,-0.8340960329456797,-1.7681042082992198,1.6569063088569247,-1.8154190002595518,-0.4720271486672367,1.5339038860782686,-1.4569953800169575,-0.36518468122415604,-0.055835099362174345,-0.29680579381360206,-0.31550501356407523,-1.41619748746636,0.4510614727453275
-0.45559147909454545,0.28110155193391734,-0.3434215758135257,1.6951152304473531,-0.27136429276718466,0.20745624406435437,-0.9198914201761768,-1.0519498397284726,-0.9321386080309209,-0.5433021316140628,0.07702029814365668,-0.0652503576000451,-0.48005679321422956,-0.726796417751419,-1.71060773978395,0.6578004063112958,0.579537295795803,-0.2897027142034988,0.09920600490078407,-0.012204634269478265,0.1344572468030176,0.8987265287500363,0.054642273997974056,-1.0542157594077235,0.9292539511577982
-0.7623973915862832,1.198273570876648,0.016457167135638107,-0.36994823726965825,-1.293240927825117,-0.5191929701808435,0.4682280161694805,-1.3147006164088872,0.07080435973117216,0.020115677758428874,0.4464544701172567,0.029717979603972655,0.11680860605761474,-0.021178139369572246,0.7439143979346087,-1.0717138010684013,-0.7271687866608049,-0.08918719738856928,0.634069114896123,-2.1766934635078163,-0.5386153123129216,-1.2303307877732175,-0.40074667055746593,0.20496034583046585,0.7885280563474326
-0.4521820971441275,-0.31947418796928895,-0.06518141642849715,1.3540734375640429,-0.714204687174866,-0.6281219861987533,-0.22676300338616617,-0.22385005370732197,0.42213617673003356,0.07780697319410748,-0.21300987615163744,-1.6132152205811496,-0.11158930506422031,-0.21911229712573269,-1.6209191748970033,-0.23333168441711252,-0.2858415089037395,0.6266682520777652,-0.06707150291343948,-1.5150166312638196,0.02056696897620631,1.6651181340748789,0.7006652219515926,-1.0643735856356096,0.709721317710734
-1.3398603312562156,0.18844315874273238,-0.3124684848232905,-0.09715286694208136,-1.028389293288232,-0.193013960606518,0.606173074329138,-1.8263950834033347,0.3730868771197061,-0.9002594430202182,0.08187643740154166,0.5102991549500155,-1.1404877953823718,0.6996884659080475,0.6770603424262334,-1.2362620277774583,-0.5371246833123741,0.8374876435992691,0.7355749416961427,-1.4737876005074653,-1.136146050057284,0.9887112914038384,0.1265354176352303,-1.1970032605979557,0.46433805827630503
0.589052879746113,1.178879980711633,-0.23538872521369889,-0.19488942884475347,-0.2933364530321658,-1.0430241532649525,-0.7626369226955212,-0.9254264034886209,0.8491485220921187,-0.8532272299575601,-0.08063471504146086,0.5833563021098106,-0.3827716212575011,-0.33723040977828467,1.3763416268920503,0.011258922781004465,-0.4443510872755322,-0.27605097439702403,-0.18864549340612308,0.5111413451016481,-0.057028634613328265,-1.8820196522805712,1.6803290524094057,0.07510533618524218,0.7546925400166993
-0.07722086843050291,0.22995665285002861,-1.5927089971973052,-0.5817061840114974,0.3619891602217134,1.5863353851791508,-0.41097932425630923,1.2203867797956494,0.2656607511508441,0.43971412208843386,0.581622576089489,-0.5677494191797684,0.5860747595047381,-0.4686248075035218,-1.7242574467461278,0.09566231571490762,-0.24704125728908516,1.3979999347415109,1.4696624451971796,0.7524425547010739,0.41286299753153655,-0.9313084682611806,-1.9508157699114497,-0.5196631365561475,0.8982436609563123
1.4062970310724858,0.830316336396421,0.7990935683501549,0.3421536389774015,0.44541985198151984,-0.4945876238188093,-0.9928674790343925,-0.4085497916650065,1.2728434005113893,-0.7100754208904128,-0.8222013237143859,1.1342269427554714,0.5175314988222827,1.4600613948356251,-0.5302905440593734,0.732917021615581,0.37652803447778443,-0.8323876412679926,1.2874182832716006,0.05354833108903423,-0.5910761674783076,-1.0742875917877985,0.8111752870475525,0.7646463276644025,0.03060269832777096
1.162821625283598,0.8291426502821807,1.2261674334332544,0.7010892076263722,0.19870868719440798,1.5185174760281575,-0.1681225987942137,-0.2975400956121678,-1.0087262070605272,0.02130989815224177,-1.160781979420734,-0.006222460308739963,-1.4190462695708044,1.2743000928434562,1.120214440890675,-0.3377124362142876,-1.103673517641138,-1.4327633377783275,-1.0487141737611432,0.593717388321196,-0.5124597234498546,-0.14596547795979622,-1.8749605741371593,0.3320308846405718,0.2845947564126641
1.0775060357846762,1.0476659388918619,-1.9032595326633142,1.7723936953123007,0.0009215078090910045,1.0217806704678498,0.09527998772580508,-0.79884246771601,1.3174925859275188,1.510036732950986,-1.7567589903437386,1.0325868119470223,-0.29566942372260935,-1.2793766031047138,-0.42472727311377195,0.7483576097358416,1.1153415047034723,-0.2585401220505872,-1.113560191989738,-0.4408834830488487,0.373814124900967,-1.2029663093266643,1.421962278615565,-0.2071674416619913,0.9265013624909633
-0.8935520036721338,-0.5358304502031132,1.2975271966032622,1.5884118133154819,-0.5339850946012111,0.8215006492530552,-1.7549357675856294,-1.096359892324725,1.0691241060439054,1.484970714285002,0.4565206302473601,1.0418655506254106,-1.6390268391134917,0.29220576291674527,0.9760090615675528,-1.3754539185733379,-1.3233730016046819,0.2975916352653246,0.8907627139620901,-0.7466597569759065,1.3985795411361999,-1.0769667816503545,-0.6981745972422015,0.012428179713982482,0.3955997766190007
-1.3921619762380764,-1.090889117167678,-0.36079674801947487,-1.1071711604117267,-0.8714819338856383,1.283114867192948,1.7635483776834449,1.255776949698605,-0.7168288015974129,-1.1843203841354628,-1.8944545431722606,1.2243338809771278,0.6545717978452671,-1.0543341189823985,1.6194085104431888,-0.3929996632279121,-0.8480832206790554,-0.18457494131524615,-0.0587452891702266,0.6505912870637461,1.5976149842790235,0.20912233990773238,-0.07747022668333223,0.5704029800756737,-0.8527788613156292
-1.3620380837805341,1.2790158050700486,1.298645594724146,-1.7626679939843028,-1.0390880359913723,-1.339656360999305,-0.10540278326829668,-1.0872011187520685,-0.869165464227228,0.46668795189381485,-0.7601804704594046,-1.2105314586257225,0.045809808053866564,0.6169126626697212,-1.3756214323662002,0.4814748133703751,-0.1295444385222531,0.06635327487174195,-0.18891349095062485,-1.302522336564098,0.1393064673410794,1.6963852921065095,-0.8300255957117286,0.5954606802193496,-1.804095849453303
-1.0749473221907775,1.587326795695419,-0.15681546882908248,1.534328700562031,1.2842804297416355,1.7676745033861823,0.9926872537428837,1.6106883111218737,0.726914245197015,-1.0945296407977507,1.1962902427348716,0.672187799104852,0.6461236465639247,-1.076818617292243,-1.2913687505188471,-0.13275233218638352,-1.5886831860290576,1.2878871059746917,-1.3792980498180514,0.17635370847094,1.0304399351691842,-0.7847773549492421,1.395191283633637,-1.1741384282169651,0.9619034283314789
-0.5250974249779734,-0.2543920905514248,0.5897860673988519,-1.0913694268322918,-0.6320677656236193,2.1334722480712607,1.0766746580608144,-0.8453301298176541,-0.6737543405280353,1.1321755429422664,-0.8398447291275438,-1.4137279177238082,-1.1388833394388063,-0.1582991692091089,-1.3312900169768647,0.29023733810012925,1.597194436092383,-0.028473551603195063,0.26632440404611846,-0.9231182151384413,1.4474671456055561,-0.31902844589954593,1.310320511730346,-0.46333397167192875,0.2984221881534188
-1.2862867444070498,-0.5016934721430097,-1.8080848412864885,-0.8405709492934592,-0.6669319354727277,-1.071763286833391,0.6824960358231521,1.553934964952247,-0.5841995694627673,1.6755912797107715,-1.2574968594483829,-1.3696107764792647,0.15707815742945855,1.7799857462325135,0.505226293413897,1.0320497402629276,-0.8253570035601052,-1.0500523825052248,-1.486557740236654,-1.834880109831651,-0.36839753925738555,-1.352759819513611,-0.804098257426974,-1.5269603835719896,-0.3549581919254871
0.680721003756552,1.7308980987416382,-0.08923729699423152,-0.34590074820763683,1.13068636334491,-1.197041157018413,-1.492913532334884,-1.7483303123736726,0.08055492258091868,-0.3497362326670511,0.9588067960018011,-0.5710745997689322,1.4894882921692993,1.3253821891486726,-0.24414504961526656,0.28103974614110133,1.853628110419005,1.2917726953012938,-1.534112007149643,0.4191063527918254,-0.4122991514957882,0.684338535108301,-1.3918385557428246,-1.789490195719036,0.6780210011194594
-0.9517928892272588,0.6687029453838423,-0.8986278502984737,-0.7444896720796059,2.0718895857383366,-0.8809378570676125,-1.0004141974885996,-0.038557486473349556,-1.1974973823372725,-0.6790490874734856,-1.5501381044150375,0.20215828356609467,-0.13757616756173371,1.2684272640612337,-1.146088587696003,-0.5516714681989155,1.4614967592525008,-1.2588824456547671,1.5874754530095787,-2.064845237988116,1.1134836393713896,0.7932753379736548,-0.1685235356403581,0.5546397528071328,0.5815825862877626
-1.1495628156650857,1.031571742133554,0.15734743094380765,0.8113427741182386,-0.1272259769074484,-0.984954906847413,1.8425498331419323,0.5356221424918455,-0.23034678654697427,-0.45392413880633065,-1.3215437961626322,-1.1506000963143315,-0.4138834765734869,-0.22298193709297956,-0.5047983195092888,0.9399834685006507,-0.7694728819429271,-1.2142297178658525,-0.15002527839437285,0.2358712187707207,0.9516329128001554,-0.3687264057819965,-0.1116518601621202,-1.3763836049659508,0.7316005314630165
-0.002497247029585592,0.660276699436518,-1.132918887794609,-0.30072381573578666,-0.662143626717828,1.961087294520571,0.39373631190778036,-0.6781056076826169,-0.21750446473030438,0.14140332706049882,-0.7984213074127189,0.5916902367057513,-0.958858731541871,-0.43056581296354113,-0.6814741226541549,-0.16990255657626754,-0.1985280252389694,-0.038604830074858404,-0.8440748502953324,1.6659992762338809,-0.4263350880835242,-0.5248668151429687,-1.464515170678525,1.1740221323391098,0.8393551799923138
0.7606855896479489,-1.4435699927370056,-0.300067538695438,-1.5318984965284899,0.7548824394835743,1.5517856343002294,-1.8270651655669086,0.925837235572507,-0.6841602877200501,-0.9184816916256249,-0.9987465072135269,0.5425491993374137,-0.17987217964240848,0.5061048784995282,1.3209158997902868,0.745331422102015,0.3156374485644374,-1.193531330831013,-1.8694712646701448,-2.114092523627128,0.17831303495807682,1.0943112066714913,-0.15869188942583876,1.5676013977251433,0.8812971483779881
-0.8061748750566118,0.320158626578257,1.6183446077904082,-0.6183388923127435,-1.09368808450858,1.5090540038851452,-0.5053074648061705,0.3015366201928302,-0.46362150594110096,1.1301890274453763,0.5233456988947273,1.1756765693571625,0.5170700503504876,-0.014108685157167102,0.3086560431158331,1.4871411168948263,1.7393438496642304,1.0287277948540556,0.7438785943332341,0.39257175691550883,1.1239108146229924,0.9457620012285273,1.0426860229201584,1.4697892145547828,0.33779135219561685
-0.24163247431962814,1.018392857330404,-0.9359241333950079,-1.109018637619863,-0.7985486092276843,-1.0991855700466677,0.6158905100481178,1.7180026713569656,-0.6390327590556899,-0.4252703554563304,0.10894439630433467,-1.5601929345983723,-1.310429615587353,1.3792641978125189,-0.41182096867789597,-0.96689054510978,-1.4613198399174272,-0.41084621320393366,0.6490867423187282,0.6488911600077617,-0.7979809650082761,-1.6296185021814753,0.4779907418419548,-1.7898070176006704,-0.5004367656645048
-0.09118151620463341,1.4458926181011442,1.376048865415731,1.3925982463535425,-1.2716669957416582,0.38145935990829266,-0.2151791754177195,1.0231944096684733,0.2238766119150833,-0.2613898762867387,0.18350150081627636,0.257247435825286,1.185529057452771,-1.6635804540070658,0.48452712585977487,-0.5366411178553359,-0.6676558311174777,1.0076391340491293,-0.055538839250800665,-0.6649484001511555,-0.33211055441874743,0.7218630733911232,0.5178823627217318,1.6896125134379014,0.42580030807775504
0.42721138351792726,-0.9693666393559729,-0.6702820602459582,1.5951942152528842,0.8684176714785257,-1.0939523032278937,1.8876248452903157,0.9990559715433149,-0.6059041940880237,0.6999740690944276,-0.3505530988081566,0.1759141285794047,0.4924670418408296,-1.2628269204827385,0.501757226741588,-0.33145977220216655,0.7736206355012665,-1.4625332289840505,-0.2539697058753359,-0.8148520247895251,0.5618239765167623,-1.608405125324705,0.030053783439474013,-1.2684172488511227,0.5880035401696615
-0.7971073481255248,0.7511547727316791,0.07663982621157198,0.8114515838996855,-0.5411969313031731,1.2778729195106453,0.3924729637407959,-0.42560489938334467,0.8967750323310322,0.3252647269443019,0.7519331556609651,0.20293555487780046,-0.5766153128877782,0.8813178830767315,-0.6827821127214981,1.675234943496929,-0.28234347313242486,-0.756911234314008,-0.6407254962548792,-0.7416166916527044,0.42980237449783626,-0.11591131391403804,-1.6866449482078574,-0.26628846052783384,0.46860441110183926
